,id,grupo,promedio,calificacion
count,4.0,4,4.0,4.0
unique,,2,,
top,,A,,
freq,,2,,
mean,2.5,,8.675,86.75
std,1.2909944487358056,,1.1644025649805712,11.644025649805712
min,1.0,,7.2,72.0
25%,1.75,,8.175,81.75
50%,2.5,,8.75,87.5
75%,3.25,,9.25,92.5
max,4.0,,10.0,100.0
